1,1,0,0,1,0,0,1,0,0,TheFriendlyHook
0,0,1,1,0,1,1,1,0,1,Sapphire
1,1,1,1,0,0,1,1,0,0,TheVillageDream
0,1,0,0,1,0,0,0,1,1,TheSmile
0,0,1,1,0,1,0,0,0,0,Souls
1,0,0,0,1,1,0,1,1,0,Blossoms
1,0,1,1,0,0,0,0,1,0,TheCocoaCastle
1,1,1,0,1,0,0,0,0,0,TheEmpress
0,0,1,1,0,0,0,0,1,0,TheMomument
1,1,1,0,1,0,0,0,0,0,TheBigCityFaire
1,0,1,0,0,1,1,1,1,1,TheAromaFarmer
0,1,1,0,0,1,1,1,0,0,TheLunarBadger
1,0,0,0,1,1,0,1,1,0,TheBigAvenue
0,1,0,0,0,0,1,1,0,0,TheRoyalWhale
0,1,0,0,1,1,0,0,1,0,TheEmeraldFence
0,0,1,0,0,1,0,0,1,1,TheCopperOyster
0,1,0,1,0,0,1,0,0,1,Friends
1,0,0,1,0,1,0,0,0,0,TheSapphireGrill
1,0,0,0,1,0,1,0,0,0,TheHarmonicLobster
0,1,0,1,0,0,0,0,0,0,TheMammothExhibit
1,1,1,1,0,1,1,0,1,0,TheHarlequinDevil
0,1,1,0,1,1,0,1,1,0,Shambles
1,0,0,0,1,1,0,0,0,1,Vertigo
0,0,0,0,0,1,0,0,0,0,TheMountainFusion
0,0,0,1,0,0,0,0,0,1,Sunset
1,0,1,0,0,1,1,1,0,0,TheEnigmaBistro
1,0,1,0,1,1,1,1,1,1,TheCellar
0,1,0,0,1,1,0,1,0,0,TheWarmGrove
1,1,1,0,0,0,0,1,0,0,Curiosity
1,0,0,0,1,0,0,1,0,0,Glasshouse
1,1,1,1,0,0,1,1,1,0,Roadhouse
1,1,0,1,1,1,0,1,1,1,TheAquaCottage
1,0,0,0,1,0,1,0,0,0,TheCocoaShark
0,1,0,1,0,0,0,0,0,1,LittlePersia
0,1,1,1,0,1,0,1,0,0,Happening
1,1,1,1,0,1,0,0,1,0,ThePeacock
1,1,1,0,1,1,1,1,1,0,TheOrangeWharf